Abhishek rajput ,https://auth.geeksforgeeks.org/user/Abhishek rajput/articles
MS7 ,https://auth.geeksforgeeks.org/user/MS7/articles
Sahil_Bansall ,https://auth.geeksforgeeks.org/user/Sahil_Bansall/articles
ABHISHEK TIWARI 13 ,https://auth.geeksforgeeks.org/user/ABHISHEK TIWARI 13/articles
msdeep14  ,https://auth.geeksforgeeks.org/user/msdeep14 /articles
Sayan Mahapatra ,https://auth.geeksforgeeks.org/user/Sayan Mahapatra/articles
Ankit87 ,https://auth.geeksforgeeks.org/user/Ankit87/articles
Ankit_Tyagi(MNNIT) ,https://auth.geeksforgeeks.org/user/Ankit_Tyagi(MNNIT)/articles
barykrg ,https://auth.geeksforgeeks.org/user/barykrg/articles
akash1295 ,https://auth.geeksforgeeks.org/user/akash1295/articles
AKASH GUPTA 6 ,https://auth.geeksforgeeks.org/user/AKASH GUPTA 6/articles
GeekCode1 ,https://auth.geeksforgeeks.org/user/GeekCode1/articles
Shubrodeep Banerjee ,https://auth.geeksforgeeks.org/user/Shubrodeep Banerjee/articles
ankita_saini ,https://auth.geeksforgeeks.org/user/ankita_saini/articles
imdhruvgupta ,https://auth.geeksforgeeks.org/user/imdhruvgupta/articles
abhishek1 ,https://auth.geeksforgeeks.org/user/abhishek1/articles
Shashank Mishra ,https://auth.geeksforgeeks.org/user/Shashank Mishra/articles
bilal-hungund ,https://auth.geeksforgeeks.org/user/bilal-hungund/articles
Smitha Dinesh Semwal ,https://auth.geeksforgeeks.org/user/Smitha Dinesh Semwal/articles
Nishant_Singh ,https://auth.geeksforgeeks.org/user/Nishant_Singh/articles
Sumit Ghosh ,https://auth.geeksforgeeks.org/user/Sumit Ghosh/articles
iharshwardhan ,https://auth.geeksforgeeks.org/user/iharshwardhan/articles
pranav gupta 8 ,https://auth.geeksforgeeks.org/user/pranav gupta 8/articles
Sagar Shukla ,https://auth.geeksforgeeks.org/user/Sagar Shukla/articles
Kundana Thiyari ,https://auth.geeksforgeeks.org/user/Kundana Thiyari/articles
Abhishek Sharma 44 ,https://auth.geeksforgeeks.org/user/Abhishek Sharma 44/articles
Himanshu_Singh_Bisht ,https://auth.geeksforgeeks.org/user/Himanshu_Singh_Bisht/articles
Mohit Gupta_OMG :) ,https://auth.geeksforgeeks.org/user/Mohit Gupta_OMG :)/articles
Anshul_Aggarwal ,https://auth.geeksforgeeks.org/user/Anshul_Aggarwal/articles
freaky.ju ,https://auth.geeksforgeeks.org/user/freaky.ju/articles
Yash_R ,https://auth.geeksforgeeks.org/user/Yash_R/articles
ShivamKD ,https://auth.geeksforgeeks.org/user/ShivamKD/articles
Amaninder.Singh ,https://auth.geeksforgeeks.org/user/Amaninder.Singh/articles
AmanSingh2210 ,https://auth.geeksforgeeks.org/user/AmanSingh2210/articles
Twinkl Bajaj ,https://auth.geeksforgeeks.org/user/Twinkl Bajaj/articles
saurabhsharma56 ,https://auth.geeksforgeeks.org/user/saurabhsharma56/articles
Ankit_Bisht ,https://auth.geeksforgeeks.org/user/Ankit_Bisht/articles
AnkitRai01 ,https://auth.geeksforgeeks.org/user/AnkitRai01/articles
02DCE ,https://auth.geeksforgeeks.org/user/02DCE/articles
Qubot ,https://auth.geeksforgeeks.org/user/Qubot/articles
Aashish Chauhan ,https://auth.geeksforgeeks.org/user/Aashish Chauhan/articles
Shivam_k ,https://auth.geeksforgeeks.org/user/Shivam_k/articles
Akashkumar17 ,https://auth.geeksforgeeks.org/user/Akashkumar17/articles
Pushpanjali chauhan ,https://auth.geeksforgeeks.org/user/Pushpanjali chauhan/articles
Bhumika_Rani ,https://auth.geeksforgeeks.org/user/Bhumika_Rani/articles
Sanjit_Prasad ,https://auth.geeksforgeeks.org/user/Sanjit_Prasad/articles
gaurav miglani ,https://auth.geeksforgeeks.org/user/gaurav miglani/articles
Niraj_Pandey ,https://auth.geeksforgeeks.org/user/Niraj_Pandey/articles
saloni1297 ,https://auth.geeksforgeeks.org/user/saloni1297/articles
Samit Mandal ,https://auth.geeksforgeeks.org/user/Samit Mandal/articles
aastha98 ,https://auth.geeksforgeeks.org/user/aastha98/articles
Surya Priy ,https://auth.geeksforgeeks.org/user/Surya Priy/articles
Amit_Soni ,https://auth.geeksforgeeks.org/user/Amit_Soni/articles
shaurya uppal ,https://auth.geeksforgeeks.org/user/shaurya uppal/articles
Kanchan_Ray ,https://auth.geeksforgeeks.org/user/Kanchan_Ray/articles
SUDIPTADANDAPAT ,https://auth.geeksforgeeks.org/user/SUDIPTADANDAPAT/articles
Astha Tyagi ,https://auth.geeksforgeeks.org/user/Astha Tyagi/articles
shivani.mittal ,https://auth.geeksforgeeks.org/user/shivani.mittal/articles
shashipk11 ,https://auth.geeksforgeeks.org/user/shashipk11/articles
Sahil_Chhabra ,https://auth.geeksforgeeks.org/user/Sahil_Chhabra/articles
Siddhant-Bajaj ,https://auth.geeksforgeeks.org/user/Siddhant-Bajaj/articles
andrew1234 ,https://auth.geeksforgeeks.org/user/andrew1234/articles
Sakshi_Srivastava ,https://auth.geeksforgeeks.org/user/Sakshi_Srivastava/articles
"UPENDRA BARTWAL, ","https://auth.geeksforgeeks.org/user/UPENDRA BARTWAL,/articles"
Shlomi Elhaiani ,https://auth.geeksforgeeks.org/user/Shlomi Elhaiani/articles
ashish136 ,https://auth.geeksforgeeks.org/user/ashish136/articles
SAYAN KUMAR PAL ,https://auth.geeksforgeeks.org/user/SAYAN KUMAR PAL/articles
niteesh_Kr ,https://auth.geeksforgeeks.org/user/niteesh_Kr/articles
Achiv Chauhan ,https://auth.geeksforgeeks.org/user/Achiv Chauhan/articles
krishnabhatia ,https://auth.geeksforgeeks.org/user/krishnabhatia/articles
HGaur ,https://auth.geeksforgeeks.org/user/HGaur/articles
Raghav Sharma 5 ,https://auth.geeksforgeeks.org/user/Raghav Sharma 5/articles
